timestamp,temperature
2026-10-04T17:07:06,19.77
2026-10-04T17:08:06,19.77
2026-10-04T17:09:06,19.77
2026-10-04T17:10:06,19.77
2026-10-04T17:11:06,19.77
2026-10-04T17:11:19,19.77
2026-10-04T17:12:19,19.77
2026-10-04T17:40:17,19.27
2026-10-04T17:41:17,19.27
2026-10-04T17:42:17,19.27
2026-10-04T17:43:17,19.27
2026-10-04T17:44:17,19.26
2026-10-04T17:45:17,19.26
2026-10-04T17:46:17,19.26
2026-10-04T17:47:17,19.26
2026-10-04T17:48:17,19.26
2026-10-04T17:49:17,19.26
2026-10-04T17:50:17,19.26
2026-10-04T18:01:08,19.32
2026-10-04T19:01:08,16.36
2026-10-04T20:01:08,13.86
2026-10-04T21:01:08,12.59
2026-10-04T22:01:08,11.52
2026-10-04T23:01:08,14.64
2026-10-05T00:01:08,14.52
2026-10-05T01:01:08,15.51
2026-10-05T02:01:08,14.96
2026-10-05T03:01:08,14.4
2026-10-05T04:01:08,14.2
2026-10-05T05:01:08,13.44
2026-10-05T06:01:08,10.63
2026-10-05T07:01:08,12.69
2026-10-05T08:01:08,10.09
2026-10-05T09:01:08,12.27
2026-10-05T10:01:08,14.57
